Text,Label
rofl . its true its name,Non-Spam
guy do some bitching but act like would be interested buy something else next week he give we free,Non-Spam
"pity , be mood that . so ... any other suggestion ?",Non-Spam
will going esplanade fr home ?,Non-Spam
"this 2nd time we have try contact u. have win � pound prize . claim easy , now1 ! only 10p per minute . bt - national - rate .",Spam
"reminder from o2 : get . pound free credit detail great offer pls reply this text with valid name , house no postcode",Spam
huh lei ...,Non-Spam
why do not wait ' til at least wednesday see if get,Non-Spam
ard like dat lor .,Non-Spam
ok lor ... sony ericsson salesman ... ask shuhui then she say quite gd use so consider ...,Non-Spam
get out this dump heap . mom decide come lowe . boring .,Non-Spam
anything lor . juz both us lor .,Non-Spam
if be not here next & lt ; # & gt ; hour imma flip shit,Non-Spam
"sorry , will later",Non-Spam
no . mean calculation same . that & lt ; # & gt ; unit at & lt ; # & gt ; this school really expensive . have start practice accent . because its important . have decide if be do 4years dental school or if will just do nmde exam .,Non-Spam
yes have . so that be why texte . pshew ... miss so much,Non-Spam
yeh . indians be nice . tho do kane off bit he he . we shud go out drink sometime soon . mite hav go da work laugh soon . love pete,Non-Spam
well keep mind ' ve only get enough gas one more round trip bar sudden influx cash,Non-Spam
hahaha .. use brain dear,Non-Spam
have safe trip nigeria . wish happiness very soon company share moment with,Non-Spam
wen do get so spiritual deep . that be great,Non-Spam
"cool , what time think can get here ?",Non-Spam
"know , wot people wear . shirt , jumper , hat , belt , all we know . we at cribb",Non-Spam
"no , be try all weekend ; v",Non-Spam
ic . there be lotta childporn car then .,Non-Spam
hi its durban be still this number,Non-Spam
"' m take derek & amp ; taylor walmart , if ' m not back by time be do just leave mouse desk will text when priscilla be ready",Non-Spam
still have not get urself jacket ah ?,Non-Spam
armand say get ass over epsilon,Non-Spam
yeah 's jus rite ...,Non-Spam
ask 3mobile if chatline inclu free min . india cust servs se yes . l8er get mega bill . do not giv shit . bailiff due day . � want �,Spam
just sleep .. surf,Non-Spam
can not believe how attached be see every day . know will do well can get babe . will go teach class at midnight,Non-Spam
want explicit sex sec ? ring now ! cost 20p / min gsex pobox wc1n 3xx,Spam
aiyah ok wat as long as get improve can already wat ...,Non-Spam
"know be thinkin malaria . but relax , child can not handle malaria . she would have be bad its gastroenteritis . if she take enough replace her loss her temp will reduce . if give her malaria med now she will just vomit . its self limit illness she have which mean few day will completely stop",Non-Spam
ok which another number,Non-Spam
"hey chief , can give bell when get this . need talk about this royal visit 1st june .",Non-Spam
happen here while be adventure,Non-Spam
compliment . be away from system . how side .,Non-Spam
think that tantrum 's finish so yeah will be by at some point,Non-Spam
what about this one then .,Non-Spam
its just effect irritation . just ignore,Non-Spam
"total disappointment , when texte be crazy shit get : (",Non-Spam
private ! account statement show un - redeem s.i.m . point . identifier code : expire //,Spam
want tell how bad feel that basically only time text lately be when need drug,Non-Spam
be award sipix digital camera ! from landline . delivery within 28days . cs box177 . m221bp . 2yr warranty . 150ppm . p � .,Spam
go join tomorrow .,Non-Spam
that s cool . want please ...,Non-Spam
be big chic . common . declare,Non-Spam
no . do not want hear anything,Non-Spam
can pls send that company name . saibaba colany,Non-Spam
"by way , ' ve put skip right outside front house so can see which house . just pull up before .",Non-Spam
mile smile make frm same letter but do know difference .. ? smile ur face keep happy even though be mile away from .. : - ) keep smile .. good nyt,Non-Spam
"ya , ' m referin mei 's ex wat ... no ah , waitin treat , somebody shld rich liao ... so gd , den dun have work frm tmr onwards ...",Non-Spam
be great role model . be give so much really wish each day miracle but god as reason everything must say wish know why but do not . ' ve look up since be young still do . have great day .,Non-Spam
oh ... okie lor ... we go sit ...,Non-Spam
yes . please leave at & lt ; # & gt ; so that at & lt ; # & gt ; we can leave,Non-Spam
"just make dinner ,",Non-Spam
"it � s reassure , this crazy world .",Non-Spam
go project centre,Non-Spam
lol they be mad at first but then they wake up give .,Non-Spam
"machan go gym tomorrow , wil come late goodnight .",Non-Spam
want be inside every night ...,Non-Spam
god 's love have no limit . god 's grace have no measure . god 's power have no boundary . may have god 's endless blessing always ur life ... ! ! gud ni8,Non-Spam
what tell before tell . stupid hear after will not tell anything . dad call brother speak . not with .,Non-Spam
wait will msg after & lt ; # & gt ; min .,Non-Spam
"perhaps much easy give account identification , so will tomorrow at uni",Non-Spam
apo all other be mokka player only,Non-Spam
private ! account statement show un - redeem s. i. m. point . identifier code : expire //,Spam
love have one law ; make happy person love . same way friendship have one law ; never make ur friend feel alone until be alive .... gud night,Non-Spam
now get step outta way . congrat again .,Non-Spam
why do wake up own & gt ; : (,Non-Spam
"sms service . inclusive text credit , pls goto www.comuk.net login= 3qxj9 unsubscribe with stop , no extra charge . help .comuk . -cm2 9ae",Spam
yes ... trust buy new stuff asap so can try out,Non-Spam
"good afternoon , love ... how go day how do sleep hope well , boytoy ... think ...",Non-Spam
"cool , we shall go see , have go tip anyway . be at home , get something drop later ? so let go town tonight ! maybe mum can take we .",Non-Spam
think if he rule tamilnadu .. then its very tough our people .,Non-Spam
marvel mobile play official ultimate spider - man game ( � . ) ur mobile right now . text spider game we ll send free 8ball wallpaper,Spam
study sch or go home ? anyway will go sch later .,Non-Spam
k. will send again,Non-Spam
oh thank lot .. already buy egg ..,Non-Spam
k. will send again,Non-Spam
2p per min germany from bt line . just 2p per min . check planettalkinstant.com info t 's c 's . text stop opt out,Spam
ofcourse also upload some song,Non-Spam
also fuck family go rhode island or wherever fuck leave all alone week have new bong & gt ; : (,Non-Spam
pick they up from various point go yeovil they will do motor project hour then take they home . || . max . || very easy,Non-Spam
so li hai ... bore now da lecturer repeat last week stuff waste time ...,Non-Spam
urgent we be try contact last weekend draw show have win � prize guarantee claim code k52 valid 12hrs 150p pm,Spam
shall now dear have food,Non-Spam
have see who be back at holby ? !,Non-Spam
really do hope work do not get stressful . have gr8 day .,Non-Spam
no probably & lt ; # & gt ; % .,Non-Spam
what today - sunday .. sunday holiday .. so no work ..,Non-Spam
yes princess ! want please every night . wish command ...,Non-Spam
dhoni have luck win some big title.so we will win : ),Non-Spam
where be mummy 's boy he be good or bad he be positive or negative why mummy be make wait ? hmmmm ?,Non-Spam
ok lor reach then message .,Non-Spam
well obviously not because all people cool college life go home ; _ ;,Non-Spam
yup,Non-Spam
think slide enough .,Non-Spam
ok lor .,Non-Spam
"urgent ! last weekend 's draw show that have win � cash or spanish holiday ! now claim . t & c : rstm , sw7 3ss . 150ppm",Spam
get garden ready summer with free selection summer bulbs seed worth � : only with scotsman this saturday . stop go2 notxt.co.uk,Spam
http//tms . widelive.com/index . wml ? id=820554ad0a1705572711 & first = true � c ringtone �,Spam
shall bring we bottle wine keep we amuse ? only joke ! I � ll bring one anyway,Non-Spam
will treasure every moment we spend together ...,Non-Spam
goin out 2nite ?,Non-Spam
txt : no : claim reward hour talk time use from phone now ! subscribe6gbp / mnth inc 3hrs stop ? txtstop www.gamb.tv,Spam
ok thk get . then wan come now or wat ?,Non-Spam
december only ! have mobile 11mths+ ? be entitle update late colour camera mobile free ! mobile update co free,Spam
if hear loud scream about & lt ; # & gt ; minute its cause gyno will be shove thing up that do not belong : /,Non-Spam
"sorry , will later",Non-Spam
arun can transfr amt,Non-Spam
most sparkling shopping break from per person ; or visit www.shortbreaks.org.uk,Spam
wish beautiful day . each moment reveal even more thing keep smile . do enjoy .,Non-Spam
I m just wonder what do right now ?,Non-Spam
except there s chick with huge boob .,Non-Spam
what ? ? ? ? hello wat talk email address ?,Non-Spam
just sing hu . think its also important find someone female that know place well preferably citizen that also smart help navigate through . even thing like choose phone plan require guidance . when doubt ask especially girl .,Non-Spam
sac need carry : ),Non-Spam
"late news ! police station toilet steal , cop have nothing go !",Spam
"aight we can pick some up , open before tonight ?",Non-Spam
so that take away some money worry,Non-Spam
be back . good journey ! let know if need any receipt . shall tell like pendent ?,Non-Spam
"that be fine , get enough bud last most night at least",Non-Spam
good morning . at repair shop -- only reason ' m up at this hour .,Non-Spam
have win guarantee award or maybe even � cash claim ur award free ..... ( + ) . its legitimat efreefone number wat do think ? ? ?,Spam
"think would get he watch , just cos that s kind thing get4an18th . he love so much !",Non-Spam
"by way , make sure get train worc foregate street not shrub hill . have fun night",Non-Spam
thank . do generally date brothas ?,Non-Spam
hey ' ve book lesson sun liao ...,Non-Spam
what be youdoe later ? sar xxx,Non-Spam
be slow use biola 's fne,Non-Spam
mode man or have leave .,Non-Spam
' m wif he now buy tix lar ...,Non-Spam
jesus armand really try tell everybody he can find,Non-Spam
be go to have be way more specific than that,Non-Spam
thanx lot ur help !,Non-Spam
if be be not pay attention,Non-Spam
"if can make any time tonight or whenever can 's cool , just text whenever be around",Non-Spam
"er yeah , will there at : , sorry ! just tell which pub / cafe sit come wen can",Non-Spam
do not complete gist oh .,Non-Spam
santa call ! would little one like from santa xmas eve ? book time .,Spam
oh yeah ! diet just fly out window,Non-Spam
otherwise have part time job na - tuition ..,Non-Spam
horrible gal ... know dat be go out wif he y still come ask ...,Non-Spam
"sorry , will later",Non-Spam
ok k .. sry knw siva .. tat askd ..,Non-Spam
"hi elaine , today 's meeting confirm ?",Non-Spam
do not know oh . hopefully this month .,Non-Spam
' m at bruce & amp ; fowler now but ' m mom 's car so can not park ( long story ),Non-Spam
so how be really . what be up . how be master . so .,Non-Spam
nope . just forgot . will show next week,Non-Spam
slave ! want take or picture yourself today bright light cell phone ! bright light !,Non-Spam
should get more chicken broth if want raman unless there be some do not know about,Non-Spam
east coast,Non-Spam
nite nite pocay wocay luv more than thing 4eva promise ring 2morrowxxxx,Non-Spam
gr8 . so how do handle victoria island traffic . plus when 's album due,Non-Spam
ask if meet da ge tmr nite ...,Non-Spam
"daddy , shu shu look ... wan tell he be not singapore or wat ?",Non-Spam
there first time everything : ),Non-Spam
... be pub ?,Non-Spam
yup he msg : tat yijue ? then tot 's group mate cos we meet today mah ... ' m askin if leave early or wat mah cos mayb haf walk far ...,Non-Spam
dear be angry be busy dear,Non-Spam
so how many day since then ?,Non-Spam
pls give her prometazine syrup . 5mls then & lt ; # & gt ; min later feed .,Non-Spam
so gd get free ice cream ... oso wan ...,Non-Spam
hi babe its thank come even though do not go that well ! just want bed ! hope see soon love kiss xxx,Non-Spam
babes think get ur brolly leave english wil bring 2mrw luv franxx,Non-Spam
hard but true : how much show & amp ; express love someone .... that much will hurt when they leave or get seperate ... ! ? ? ? ? ? ud evening ...,Non-Spam
he be apparently bff with carly quick now,Non-Spam
hi . hope have good day . have well night .,Non-Spam
that be necessarily respectful,Non-Spam
as want custom officer discount oh .,Non-Spam
dunno lei shd drive lor cos go sch hr oni .,Non-Spam
do not know exactly could ask chechi .,Non-Spam
"all do , all hand . do not know if mega shop asda count as celebration but that s what ' m do !",Non-Spam
ooooooh forgot tell can get yoville phone,Non-Spam
watch ajith film ah ?,Non-Spam
not joke seriously tell,Non-Spam
ok.ok ok .. then .. what s ur today plan,Non-Spam
not much no fight . be good nite ! !,Non-Spam
will be gentle baby ! soon will be take all & lt ; # & gt ; inch deep inside tight pussy ...,Non-Spam
' m at work . please,Non-Spam
how do friend help we problem ? they give most stupid suggestion that land we into another problem help we forgt previous problem,Non-Spam
how be babe . hope do ok . have shit night sleep . fall asleep at .i � m knackere I � m dread work tonight . what be thou upto tonight .,Non-Spam
good day too.pray me.remove tooth as its painful maintain other stuff .,Non-Spam
"can make up there , squeeze & lt ; # & gt ; buck out dad",Non-Spam
have new message . --,Spam
its sunny california . weather 's just cool,Non-Spam
somebody set up website where can play hold em use eve online spacebuck,Non-Spam
"free entry gr8prizes wkly comp chance win late nokia , psp or � cash every wk.txt great http//www.gr8prizes.com",Spam
current lead bid . pause this auction send out . customer care :,Spam
do not want leave . but ' m barely do what can stay sane . fight with constantly not help .,Non-Spam
can not pick phone right now . pls send message,Non-Spam
do konw waht rael friendship I m gve yuo an exmpel : jsut ese tihs msg .. evrey spllee tihs msg wrnog .. bt sitll yuo can raed wihtuot ayn mitsake .. goodnight & amp ; have nice sleep .. sweet dream ..,Non-Spam
"will head out few min , see there",Non-Spam
"ok . , any problem frm he ? wat matter ?",Non-Spam
"lol , oh get friend dog",Non-Spam
date : have have two these . only start after send text talk sport radio last week . any connection do think or coincidence ?,Spam
hi mom we might be back later than & lt ; # & gt ;,Non-Spam
important message . this final contact attempt . have important message wait out our customer claim dept . expire // . now !,Spam
just try figure out when ' m suppose see couple different people this week . we say we would get together but do not set date,Non-Spam
� xmas reward wait ! our computer have randomly pick from our loyal mobile customer receive � reward . just,Spam
send our girl into erotic ecstacy . just 60p / min . stop text ( nat rate ),Spam
think mentor but not percent sure .,Non-Spam
' m inside office .. still fill forms.don know when they leave .,Non-Spam
yep get with program . be slack .,Non-Spam
"hey , iouri give number , ' m wylie , ryan 's friend",Non-Spam
this ur face test & lt ; # & gt ; select any number will tell ur face astrology .... be wait . quick reply ...,Non-Spam
hmm . shall bring bottle wine keep we amuse ? just joke ! will still bring bottle . red or white ? see tomorrow,Non-Spam
ok,Non-Spam
tell something . that s okay .,Non-Spam
"live very simple .. love also simple .. laugh too simple .. win tooo simple .. but , be ' simple ' very difficult ... ; - ) : - )",Non-Spam
aiyo cos sms then neva reply so wait reply lar . tot have not finish ur lab wat .,Non-Spam
guai ... shd haf see he when he be naughty ... so free today ? can go jog ...,Non-Spam
good morning princess ! have great day !,Non-Spam
yup be at paragon ... have not decide whether cut yet ... hee ...,Non-Spam
no one interested . may be some business plan .,Non-Spam
' m home ...,Non-Spam
do ? think put back box,Non-Spam
no sir . that be why have an -hr trip bus last week . have another audition next wednesday but think might drive this time .,Non-Spam
"parent , kidz , friend colleague . all scream .. surprise ! ! be wait sofa .. ... ..... naked ... !",Non-Spam
wat do now ?,Non-Spam
when guy plan come over ?,Non-Spam
no go . no opening that room ' til after thanksgive without an upcharge .,Non-Spam
"subscribe textcomp wkly comp . 1st wk ? s free question follow , subsequent wks charge @ 150p / msg . unsubscribe txt stop , custcare",Spam
course should make stink !,Non-Spam
be awake ? there snow there ?,Non-Spam
would like that would not ? jerk !,Non-Spam
so when do wan na gym ?,Non-Spam
birthday feb & lt ; # & gt ; da .,Non-Spam
sound well than evening I m just do costume . I m not sure what time finish tomorrow but will txt at end .,Non-Spam
no . be not pride . ' m almost & lt ; # & gt ; year old should not be takin money from kid . be not suppose have deal with this stuff . this grownup stuff -- why do not tell .,Non-Spam
"garbage bag , egg , jam , bread , hannaford wheat chex",Non-Spam
"neither [ sterm voice ] ' m study . all fine with ! not sure thing will be resolve , tho . anyway . have fab hol",Non-Spam
think steyn surely get one wicket : ),Non-Spam
course 2yrs . just so her message messenger lik send,Non-Spam
dude I m no long pisce . I m an aquarius now .,Non-Spam
"sir , wait letter .",Non-Spam
sweet heart how be ?,Non-Spam
wish wonderful week .,Non-Spam
what make most happy ?,Non-Spam
"gal boy walk park . gal - can hold ur hand ? boy - y ? do think would run away ? gal - no , jst wana how feels walk heaven with an prince .. gn : - )",Non-Spam
"dear sir , salam alaikkum.pride pleasure meeting today at tea shop.we be please send our contact number at qatar.rakhesh an indian.pls save our number.respectful regard .",Non-Spam
aah bless ! how be arm ?,Non-Spam
"thank , will keep that mind",Non-Spam
ok no problem ... yup ' m go sch at if rem correctly ...,Non-Spam
but we have not get da topic yet rite ?,Non-Spam
kothi print out marandratha .,Non-Spam
"good morning , love ... go sleep now wish great day full feeling well opportunity ... be last think babe , love * kiss *",Non-Spam
"k , fyi ' m back parent ' place south tampa so might need do deal somewhere else",Non-Spam
jus finish watch tv ... ?,Non-Spam
hahaha .. use brain dear,Non-Spam
get official england poly ringtone or colour flag yer mobile tonight game ! text tone or flag . optout txt eng stop box39822 w111wx � .,Spam
sister going earn more than da .,Non-Spam
here get ur favorite oyster ... get favorite sashimi ... ok lar dun say already ... wait ur stomach start rumble ...,Non-Spam
k.k : ) ' m go tirunelvali this week see uncle .. already spend amount by take dress .so only want money.i will give feb,Non-Spam
"yeah , that be what be think",Non-Spam
"jolly good ! by way , will give ticket sit eve .. speak before then",Non-Spam
' m come back thursday . yay . go to be ok get money . cheer . oh yeah how be . everything alright . how s school . or do work now,Non-Spam
what do leave .,Non-Spam
ill be at your about min but look out,Non-Spam
hi miss mumhas beendroppe red wine all over theplace ! what adress ?,Non-Spam
pls ask macho how much budget bb bold cos see new one & lt ; # & gt ; dollar .,Non-Spam
"can . but will tell quite long , cos have not finish film yet ...",Non-Spam
about & lt ; # & gt ; buck . bank fee be fix . well bank find out .,Non-Spam
at what time should come tomorrow,Non-Spam
can not make tonight,Non-Spam
well good morning mr how s london treatin ' ya treacle ?,Non-Spam
i.ll hand her phone chat wit,Non-Spam
darling sister . how be do . when be school resuming . there minimum wait period before reapply ? do take care,Non-Spam
be come funeral home,Non-Spam
alex say he be not ok with not be ok with,Non-Spam
xmas iscome ur award either � cd gift voucher free entry � weekly draw txt music tnc www.ldew.com1win150ppmx3age16subscription,Spam
donno its gene or something,Non-Spam
urgent ! please from landline . � cash or luxury * canary island holiday await collection . t & cs sae po box . m227xy . 150ppm . +,Spam
xy try smth now . eat already ? we have not ...,Non-Spam
dear where .,Non-Spam
hey ! congrat 2u2 . i d luv but I ve have go home !,Non-Spam
an excellent thought by misundrstud frnd : knw hate bt day wen will knw truth will hate urself : - ( gn : - ),Non-Spam
hey do not forget ... be mine ... ... possession ... property ... mmm ... * childish smile * ...,Non-Spam
' m still pretty weak today .. bad day,Non-Spam
"urgent ! have win week free membership our � , prize jackpot ! txt word : claim no : t & c www.dbuk.net lccltd pobox 4403ldnw1a7rw18",Spam
send ur email I d soon,Non-Spam
"yeah , probably here while",Non-Spam
have go into get info bt do not know what do,Non-Spam
"how will do that , princess ? : )",Non-Spam
"vikky , come around & lt ; time & gt ; ..",Non-Spam
helloooo ... wake up .. ! ` ` sweet '' ` ` morning '' ` ` welcome '' ` ` '' ` ` enjoy '' ` ` this day '' ` ` with full joy '' .. ` ` gud mrng '' .,Non-Spam
urgent ! mobile number have be award with � prize guarantee . from land line . claim . valid 12hrs only 150ppm,Spam
"good msg : be hard be with person , when know that one more step foward will make fall love .. & amp ; one step back can ruin ur friendship .. good night : - ) ...",Non-Spam
dunno leh can not remember mayb lor . so wat time we meet tmr ?,Non-Spam
oh yeah clearly 's fault,Non-Spam
"hi . hope ur day good ! back from walk , table book half eight . let know when ur come over .",Non-Spam
its too late : ) but its k.wish same .,Non-Spam
"hello.how do ? what be up ? when will move out flat , cos will need arrange pick up lamp , etc . take care . hello caroline !",Non-Spam
so wan come our dinner tonight not ?,Non-Spam
do fix tooth ? if not do asap.ok take care .,Non-Spam
"if do not , prize will go another customer . t & c at www.t-c.biz + 150p / min polo ltd suite london w1j 6hl please back if busy",Spam
"er , enjoyin indians at mo .. yep . sall good hehe ; > how s bout shexy ? pete xx",Non-Spam
anything lar then not go home dinner ?,Non-Spam
hi darlin its kate be up doin somethin tonight ? I m go pub call swan or something with parent one drink so phone if can,Non-Spam
gud ni8.swt drms.take care,Non-Spam
"storm msg : wen lift phne , say ` ` hello '' do knw wt real meaning hello ? ? 's name girl .. ! yes .. knw who dat girl ? ? ` ` margaret hello '' she girlfrnd grahmbell who invnte telphone ... moral : one can 4get name person , bt not his girlfrnd ... . @",Non-Spam
pls speak with . will not ask anything other then friendship .,Non-Spam
do see that film : ),Non-Spam
absolutely love south park ! only recently start watch office .,Non-Spam
if anyone call treadmill say will buy . make sure its working . find an ad craigslist selling & lt ; # & gt ;,Non-Spam
can help swoop by pick up from wherever ur other bird meet if want .,Non-Spam
cbe . chennai .,Non-Spam
"as usual .. iam fine , happy & amp ; do well .. : )",Non-Spam
well she be big surprise !,Non-Spam
ok ... sweet dream ...,Non-Spam
do not get anything da,Non-Spam
please tell not all car key be purse,Non-Spam
do study alone without anyone help . if can not no need study .,Non-Spam
"yeah work fine , start last week , all same stuff as before , dull but easy guy be fun !",Non-Spam
urgent ! please from landline . � cash or * holiday await collection . & cs sae po box m227xy . +,Spam
"' m leave soon , be there little after",Non-Spam
come search tat vid .. not finishd ..,Non-Spam
gud ni8 dear .. slp well .. take care .. swt dream .. muah ..,Non-Spam
have not eat all day . ' m sit here stare at this juicy pizza can not eat . these med be ruin life .,Non-Spam
thank princess ! want see nice juicy booty ...,Non-Spam
thank temale be wonderful . thank . have great week .,Non-Spam
course do not tease ... know simply must see * grin * ... do keep post prey ... * love smile * * devouring kiss *,Non-Spam
hmm thinking lor ...,Non-Spam
its part check iq,Non-Spam
"gud gud .. k , chikku tke care .. sleep well gud nyt",Non-Spam
"jay want work out first , how be sound ?",Non-Spam
yeah can still give ride,Non-Spam
someonone know try contact via our date service ! find out who could be from mobile or landline box334sk38ch,Spam
be uworld site . be buy qbank only or be buy with self assessment also ?,Non-Spam
ok cool . see ya then .,Non-Spam
hey what how about project . start aha da .,Non-Spam
be choose receive � award ! pls claim number collect award which be select receive as value mobile customer .,Spam
realise be busy guy ' m try not be bother . have get some exam outta way then try car . do have gr8 day,Non-Spam
"nope , ' m still market",Non-Spam
mean could not keep ur word .,Non-Spam
private ! account statement < fone no > show un - redeem s. i. m. point . identifier code : expire //,Spam
re - meet alex nichols from middle school turn out he be deal !,Non-Spam
prabha .. ' m soryda .. realy .. frm heart ' m sory,Non-Spam
smile pleasure smile pain smile when trouble pour like rain smile when sum1 hurt smile becoz someone still loves see smile ! !,Non-Spam
oh fuck . juswoke up bed boatin dock . slept wid year old . spinout ! giv da gossip l8r . xxx,Non-Spam
if die want have all stuff .,Non-Spam
night ... we not stay at port step liao ... too ex,Non-Spam
"jane babes not goin wrk , feel ill after lst nite . fone already cover chuck . : - )",Non-Spam
have take exam with march,Non-Spam
pls she need dat slowly or she will vomit more .,Non-Spam
accidentally bring em home box,Non-Spam
well that s nice . too bad can not eat,Non-Spam
be late . will be there at,Non-Spam
keep ten rs shelf : ) buy two egg .,Non-Spam
natalja ( /f ) inviting be her friend . reply yes- or no- see she : www.sms.ac/u/nat27081980 stop ? send stop frnd,Spam
pa but not select .,Non-Spam
k.k.how business now ?,Non-Spam
only yesterday true true .,Non-Spam
dai download but there only exe file which can only run that exe after instal .,Non-Spam
"know be thinkin malaria . but relax , child can not handle malaria . she would have be bad its gastroenteritis . if she take enough replace her loss her temp will reduce . if give her malaria med now she will just vomit . its self limit illness she have which mean few day will completely stop",Non-Spam
hi.what think about match ?,Non-Spam
"babe , ' m answer , can not see maybe would well reboot ym ... get photo ... be great",Non-Spam
will reach ur home & lt ; # & gt ; minute,Non-Spam
have mobile 11mth update free orange late colour camera mobile unlimited weekend call . mobile upd8 freefone or 2stoptxt,Spam
how come she can get ? should quite diff guess rite ...,Non-Spam
fine .. absolutly fine,Non-Spam
wot student discount can get book ?,Non-Spam
"ve win ! * costa del sol holiday or � await collection . now toclaim . sae , tc s , pobox334 , stockport , sk38xh , cost � ./pm , max10mins",Spam
germany only penny per minute ! from fix line via access number . no prepayment . direct access ! www.telediscount.co.uk,Spam
ugh leg hurt . musta overdo mon .,Non-Spam
she.s fine . have have difficulty with her phone . work with mine . can pls send she another friend request .,Non-Spam
like cheap ! but I � m happy splash out wine if make feel well ..,Non-Spam
"spook up mob with halloween collection logo pic message plus free eerie tone , txt card spook ze 08701417012150p per logo / pic",Spam
darren be say dat if meet da ge den we dun meet dinner . cos later leave xy will feel awkward . den meet he lunch lor .,Non-Spam
ok ... take ur time enjoy ur dinner ...,Non-Spam
"'s wylie , tampa or sarasota ?",Non-Spam
oh oh ... den muz change plan liao ... go back have yan jiu again ...,Non-Spam
"sorry , will later",Non-Spam
our record indicate maybe entitle pound compensation accident have . claim free reply with claim this msg . stop txt stop,Spam
ree entry weekly comp chance win an ipod . txt pod get entry ( std txt rate ) t & c 's apply detail +,Spam
okie,Non-Spam
what time wrkin ?,Non-Spam
upload mine facebook,Non-Spam
just cook rather nice salmon la,Non-Spam
' m town now so will jus take mrt down later .,Non-Spam
"fuuuuck need stop sleepin , sup",Non-Spam
send they . do like ?,Non-Spam
sure be relative home . sms de . pls : - ),Non-Spam
"babe ! fucking love too ! ! know ? fuck be so good hear voice . so need that . crave . can not get enough . adore , ahmad * kiss *",Non-Spam
"hi hope both ok , he say he would text he have not , have see he , let down gently please",Non-Spam
sm auction brand new nokia up auction today ! auction free join take part ! txt nokia now !,Spam
"very strange . be watch 2nd one now but ' m bed . sweet dream , miss",Non-Spam
company very good.environment terrific food really nice : ),Non-Spam
raji .. pls do favour . pls convey birthday wish nimya . pls . today her birthday .,Non-Spam
water log desert . geoenvironmental implication .,Non-Spam
.,Non-Spam
"aight , text tonight we will see what be up",Non-Spam
oh k. will come tomorrow,Non-Spam
' m school now will be da lab do some stuff give when do .,Non-Spam
now ' m go lunch .,Non-Spam
"I � ve get some salt , can rub open wound if like !",Non-Spam
oh do charge camera,Non-Spam
she dun believe leh ? tot tell she be true already . thk she muz we tog then she believe .,Non-Spam
still get lesson ? sch ?,Non-Spam
"congrat mobile 3 g videophone yours . now ! videochat wid ur mate , play java game , dload polyph music , noline rentl . bx420 . ip4 . 5we . 150p",Spam
ok leave no need ask,Non-Spam
just send text . we will skype later .,Non-Spam
lol no . just need cash nitros . hurry come before crash out !,Non-Spam
ok ... then we meet later ?,Non-Spam
no but bluray player can,Non-Spam
will come with karnan car . please wait till 6 pm will directly goto doctor .,Non-Spam
k : ) sms chat with .,Non-Spam
"sir , need velusamy sir 's date birth company bank facility detail .",Non-Spam
new year eve be ok . go party with boyfriend . who this si then hey,Non-Spam
like & lt ; # & gt ; same question,Non-Spam
have not leave yet so probably go to be here til dinner,Non-Spam
idk . ' m sit here stop shop parking lot right now bawl eye out because feel like ' m failure everything . nobody want now feel like ' m fail .,Non-Spam
no problem with renewal . i.ll do right away but do not know his detail .,Non-Spam
happy new year ur family ... may this new year bring happiness stability tranquility ur vibrant colourful life : ) : ),Non-Spam
pls da . what happen .,Non-Spam
k .. then come wenever lik come also tel vikky come by get free time .. : - ),Non-Spam
get garden ready summer with free selection summer bulbs seed worth � : only with scotsman this saturday . stop go2 notxt.co.uk,Spam
oh unintentionally not bad timing . great . finger train play along ! will give fifteen min warning .,Non-Spam
aiyar so poor thing ... give support k ... jia ! will think ...,Non-Spam
' m office now da : ) where be ?,Non-Spam
hi darlin I m helens fone I m go to up prince nite please come up tb love kate,Non-Spam
now that have start do not stop . just pray more good idea anything see that can help guy i.ll forward link .,Non-Spam
free 1st week ! no1 nokia tone ur mobile every week just txt nokia get txte tell ur mate . www.getzed.co.uk pobox w45wq + norm150p / tone,Spam
yeah imagine he would be really gentle . unlike other doc who treat their patient like turkey .,Non-Spam
oh shut . omg yesterday have dream that have kid both boy . be so pissed . not only about kid but they be boy . even tell mark dream that he be change diaper cause ' m not getting owe face .,Non-Spam
yup ... have not be there before ... want go yoga ? can up book,Non-Spam
"ve win ! * costa del sol holiday or � await collection . now toclaim . sae , tc s , pobox334 , stockport , sk38xh , cost � ./pm , max10mins",Spam
there be some nice pub near here or there frankie benny near warner cinema ?,Non-Spam
sorry be at grocer .,Non-Spam
sday only joined.so training we start today : ),Non-Spam
"hmm ... dunno leh , mayb bag goigng out dat not too small . or ju anything except perfume , smth dat can keep .",Non-Spam
be still not work . this time also try add zero . that be saving . checking & lt ; # & gt ;,Non-Spam
that suck . will go over so can do hair . will do free right ?,Non-Spam
any way where be what do .,Non-Spam
"rise red , red blood , blood heart , heart u. but .... send tis all ur friend .. include .. if like .. if get back , -u poor relation ! -u need some support -u frnd many -some1 luvs + - some1 pray god marry u. : - ) try ....",Non-Spam
wot about we d nite am then but only til !,Non-Spam
cuz ibored . don wan na study,Non-Spam
"wonderful okor , have great month . we cherish guy wish well each day . mojibiola",Non-Spam
"after work ah ... den plus lor ... workin oso rite ... den go orchard lor , no other place go liao ...",Non-Spam
"he impossible argue with he always treat like his sub , like he never release ... which he do will remind he that if necessary",Non-Spam
"hi chikku , send some nice msgs",Non-Spam
not enufcredeit tocall.shall ileave uni at + get bus yor house ?,Non-Spam
"oop do have , & lt ; # & gt ;",Non-Spam
private ! account statement,Spam
lol real . she tell dad have cancer,Non-Spam
be drive or training ?,Non-Spam
aslamalaikkum .... insha allah tohar beeen muht albi mufti mahfuuz ... mean same here ....,Non-Spam
thank . fill with complete calm reassurance !,Non-Spam
"get lion england tone , reply lionm mono or lionp poly . more go www.ringtones.co.uk , original good . tone 3gbp network operator rate apply .",Spam
argh why fuck nobody town ; _ ;,Non-Spam
definitely need module from humanity dis sem izzit ? wan take other module 1st ?,Non-Spam
december only ! have mobile 11mths+ ? be entitle update late colour camera mobile free ! mobile update vco free,Spam
' ve reach sch already ...,Non-Spam
have new message . please,Spam
oh get many responsibility .,Non-Spam
"sign maturity not when we start say big thing .. but actually , when we start understand small thing ... * have nice evening * bslvyl",Non-Spam
really need kiss miss baby from ur baby 4eva,Non-Spam
de ya break fassyole ! blacko from londn,Non-Spam
wnt buy bmw car urgently .. its vry urgent.but hv shortage & lt ; # & gt ; lacs.there no source arng dis amt . & lt ; # & gt ; lac .. that s prob,Non-Spam
"boy love gal . he propsd bt she do not mind . he gv lv lttrs , bt her frnd throw thm . again boy decide aproach gal dt time truck be speed towards gal . wn be about hit girl , d boy run like hell save she . she ask ' hw cn run so fast ? ' boy reply ` ` boost secret energy '' instantly girl shout ` ` our energy '' thy live happily 2gthr drinking boost evrydy moral story : - hv free msgs : d ; ) : gud ni8",Non-Spam
other news after hassle get he weed week andre have no money . haughaighgtujhyguj,Non-Spam
this msg mobile content order have be resent as previous attempt fail due network error query customersquerie @ netvision.uk.com,Spam
nope that s fine . might have nap tho !,Non-Spam
"aight , once be close",Non-Spam
"ah , well that confuse thing , do not ? thought be friend with now . maybe do wrong thing but already sort invite -tho he may not come cos money .",Non-Spam
"themob > hit link get premium pink panther game , new no . from sugababes , crazy zebra animation or badass hoody wallpaper - all free !",Spam
sorry about that this mate phone do not write love kate,Non-Spam
but ' m really really break oh . no amount too small even & lt ; # & gt ;,Non-Spam
k.k.this month kotee birthday know ?,Non-Spam
"hi shanil , rakhesh here.thank , have exchange uncut diamond stuff.leave back . excellent service by dino prem .",Non-Spam
gokila talk with aha : ),Non-Spam
"fri ah ... okie lor , goin drivin den go shoppin after tt ...",Non-Spam
no no . will check all room befor activity,Non-Spam
"st andre , virgil 's cream",Non-Spam
what type stuff do sing ?,Non-Spam
will not do anything de .,Non-Spam
"good morning , I m suffer from fever dysentry .. will not be able come office today .",Non-Spam
omg if its not one thing its another . cat have worm : / when do this bad day end ?,Non-Spam
sorry miss . can please back .,Non-Spam
hey happy birthday ...,Non-Spam
aiya we discuss later lar ... pick up at ?,Non-Spam
amazing if rearrange these letter give same meaning ... dormitory dirty room astronomer moon starer eye they see election result lie let recount mother - in - law woman hitler eleven plus two = twelve plus one its amazing ... ! : - ),Non-Spam
"keep ur problem ur heart , b'coz nobody will fight u. only & amp ; have fight ur self & amp ; win battle . -vivekanand- 9 t .. sd .. ham yeah , give if ' ve get minute ham hi babe uawake ? feellikw shit.justfound out via aletter thatmum gotmarrie 4thnov.behind ourback fuckinnice ! selfish , deviousbitch.anyway , I � l ''",Non-Spam
mark work tomorrow . he get out at . his work by house so he can meet afterwards .,Non-Spam
do want new nokia 3510i colour phone deliveredtomorrow ? with free minute any mobile free text free camcorder reply or .,Spam
"guy , no flash now . if go , . how madam . take care oh .",Non-Spam
"well , ' m glad do not find totally disagreeable ... lol",Non-Spam
"this 2nd attempt contract , have win this week top prize either � cash or � prize . just",Spam
want send & lt ; # & gt ; mesage today . that s y. sorry if hurt,Non-Spam
gud ni8 dear .. slp well .. take care .. swt dream .. muah ..,Non-Spam
win � shopping spree every week start now . play text store . skilgme . tscs08714740323 1winawk ! age16 � .50perweeksub .,Spam
as different style ?,Non-Spam
5p alfie moon 's child need song ur mob . tell ur m8s . txt tone charity nokia or poly charity poly : ze profit charity .,Spam
hai dear friend ... this new & amp ; present number .. : ) by rajitha raj ( ranju ),Non-Spam
talk about that,Non-Spam
= � uk break accommodationvoucher term condition apply . claim mustprovide claim number which,Spam
call later . afternoon onword mtnl service get problem south mumbai . can hear but can not listen .,Non-Spam
but brother transfer only & lt ; # & gt ; & lt ; # & gt ; pa .,Non-Spam
dunno lei ... like dun haf ...,Non-Spam
ok also wan watch pm show ...,Non-Spam
have not stick at orchard dad 's car . go dinner now . leh ? so they free tonight ?,Non-Spam
"sorry , will later . be meet sir .",Non-Spam
think be disturb she da,Non-Spam
free video camera phone with half price line rental mth cross ntwk min txts . mobileupd8 or call2optout/,Spam
"geeeee ... internet really bad today , eh",Non-Spam
hey next sun there be basic yoga course ... at bugis ... we can go that ... pilate intro next sit .... tell what time free,Non-Spam
goodnight da thangam really miss dear .,Non-Spam
be train back from northampton so ' m afraid not ! ' m staying skyve off today ho ho ! will be around wednesday though . do fancy comedy club this week by way ?,Non-Spam
double min double txt / price linerental late orange bluetooth mobile . mobileupd8 very late offer . or call2optout / lf56,Spam
lmao know so well ...,Non-Spam
"tick , tick , tick .... where be could die loneliness know * pout * * stomp foot * need ...",Non-Spam
with sis lor ... we juz watch italian job .,Non-Spam
will vote wherever heart guide,Non-Spam
yeah so basically any time next week can get away from mom & amp ; get up before,Non-Spam
hmmm.still we do not have opener ?,Non-Spam
desires- go doctor liver . get bit stylish . get ur hair manage . that s .,Non-Spam
"we have send jd customer service cum account executive ur mail i d , detail contact we",Non-Spam
"dunno , dad say he come home bring we out lunch . yup go lor . when reach school lor ...",Non-Spam
ic lol . should play door sometime yo,Non-Spam
jamster ! get free wallpaper text heart now ! t & c apply . only . need help ? .,Spam
she run off with young man . we will make pretty baby together : ),Non-Spam
natalie ( /f ) inviting be her friend . reply yes- or no- see she : www.sms.ac/u/natalie2k9 stop ? send stop frnd,Spam
pls clarify back if an open return ticket that have can be prepone go back kerala .,Non-Spam
thank be there just talk saturday . be very dear . cherish have as brother role model .,Non-Spam
( do not hear from ),Non-Spam
will not believe but be true . 's incredible txt ! reply now learn truly amazing thing that will blow mind . from o2fwd only 18p / txt,Spam
how many time tell stage all use laugh . not listen aha .,Non-Spam
want go perumbavoor,Non-Spam
"be really good see other day dudette , be miss !",Non-Spam
ok vl .. do know get adsense approve ..,Non-Spam
hey ... very inconvenient sis not huh ?,Non-Spam
there come friday leave pongal ? do get any news from work place .,Non-Spam
would like tell deep darkest fantasy . just 60p / min . stop text ( nat rate ),Spam
go chase after she run she over while she be cross street,Non-Spam
private ! account statement show un - redeem s.i.m . point . identifi code:4xx26 expire //,Spam
ur cash - balance currently pound maximize ur cash - in now send go only 150p / meg . cc : hg / suite342/2lands row / w1j6hl,Spam
be go to ask lol but think its at,Non-Spam
where . what happen,Non-Spam
anyway holla at whenever be around because need an excuse go creep people sarasota,Non-Spam
yes its possible but dint try . pls do not tell any one,Non-Spam
: - ( sad puppy noise,Non-Spam
"be cool , we can last little while . get more any time soon ?",Non-Spam
great ! how office today ?,Non-Spam
babe what be do where be who be talk do think be be good boy ? be miss ? do love,Non-Spam
dear 0776xxxxxxx ' ve be invite xchat . this our final attempt contact ! txt chat 150p / msgrcvdhg / suite342/2lands / row / w1j6hl ldn 18yrs,Spam
hey gal ... all wan na meet dinner at n � te ?,Non-Spam
think other two still need get cash but we can def be ready by,Non-Spam
hello boytoy geeee ... ' m miss today . like send tm remind ' m think ... be love ... * love kiss *,Non-Spam
"uncle g , just check up . do have rewarding month",Non-Spam
attend ur drive lesson how many time wk which day ?,Non-Spam
have win guarantee � cash or � prize . claim yr prize our customer service representative between 10am-7pm cost 10p,Spam
"by way , ' rencontre ' meet again . mountain do not ....",Non-Spam
"mobile number.pls sm ur mail id.convey regard achan , amma.rakhesh.qatar",Non-Spam
go fool do not cheat other ok,Non-Spam
oh k. will come tomorrow,Non-Spam
ill down soon,Non-Spam
guess which pub I m ? I m as happy as pig clover or whatever say !,Non-Spam
there be someone here that have year & lt ; # & gt ; toyota camry like mr olayiwola 's own . mileage & lt ; # & gt ; k.it clean but need know how much will sell . if can raise dough how soon after landing will sell . holla back .,Non-Spam
cd 4u : congratulation ur award � cd gift voucher or � gift guarantee freeentry � wkly draw xt music tnc www.ldew.com1win150ppmx3age16,Spam
still around ? look pick up later,Non-Spam
"nope . since ayo travel , he have forget his guy",Non-Spam
well its not like actually call someone punto . that woulda be bad .,Non-Spam
"hmph . go head , big baller .",Non-Spam
can talk with ..,Non-Spam
esplanade lor . where else ...,Non-Spam
happy new year . hope be have good semester,Non-Spam
"just look up addie go back monday , suck be she",Non-Spam
drive can only be read . need write,Non-Spam
"hey kate , hope ur ok ... will give buz wedlunch . go outsomewhere adrink town .. cud go 2watershd bit ? ppl fromwrk will bthere . love petexxx .",Non-Spam
' m hungry buy smth home ...,Non-Spam
"we make ! eta at taunton : as plan , hope that � s still okday ? ! good see ! : -xx",Non-Spam
phony � award today voda number end xxxx be select receive � award . if have match please quote claim code standard rate app,Spam
so tell coulda be real valentine be not ? never pick nothing ! !,Non-Spam
which channel : - ) : - ) : ) : - ) .,Non-Spam
no rushing . ' m not work . ' m school so if we rush we go hungry .,Non-Spam
that be haf keep busy ...,Non-Spam
do not let study stress out . l8r .,Non-Spam
goldviking ( /m ) invite be his friend . reply yes- or no- see he : www.sms.ac/u/goldviking stop ? send stop frnd,Spam
network job there .,Non-Spam
sleep ? thinkthis time & lt ; # & gt ; pm ) not dangerous,Non-Spam
say its okay . sorry,Non-Spam
so what do today ?,Non-Spam
spend new year with brother his family . lets plan meet next week . be ready be spoil ? : ),Non-Spam
jade its paul . didn � t txt ? do remember from barmed ? want talk ! txt,Non-Spam
boy be late home . his father : ` ` power frndship '',Non-Spam
be gorgeous ! keep those pix cumme : ) thank !,Non-Spam
yar ... tot know dis would happen long ago already .,Non-Spam
aiyo so poor thing ... then dun wan eat ? bathe already ?,Non-Spam
oop be show when call . hey parking garage collapse at university hospital . see ' m not crazy . stuff like that do happen .,Non-Spam
' m fine . hope be good . do take care .,Non-Spam
hey come online ! use msn ... we be all there,Non-Spam
we be suppose meet discuss abt our trip ... think xuhui tell ? afternoon . think we can go lesson after that,Non-Spam
will cme want go hos 2morow . after that wil cme . this what get from her dear what do . she do not say any time,Non-Spam
future not what we plan tomorrow ..... ! result what we do today ... ! do well present ... enjoy future .,Non-Spam
can donate � . unicef 's asian tsunami disaster support fund by texting donate . � . will be add next bill,Spam
urgent ! we be try contact u. todays draw show that have win � prize guarantee . from land line . claim . valid 12hrs only,Spam
"few people be at game , ' m at mall with iouri kaila",Non-Spam
dear voucher holder have next meal we . use follow link pc enjoy dine experiencehttp : //www.vouch4me.com / etlp / dining.asp,Spam
want see pretty pussy ...,Non-Spam
yup ok ...,Non-Spam
"bit ur smile hppnss , drop ur tear sorrow , part ur heart life , heart like mine wil care , forevr as goodfriend",Non-Spam
want & lt ; # & gt ; rs da : ) do have ?,Non-Spam
"what mean be leave too early check , cos ' m work - .",Non-Spam
why do not lunch ?,Non-Spam
' m vivek : ) get from number .,Non-Spam
"ahhhh ... just wake up ! have bad dream about tho , so do not like right now : ) do not know anything about comedy night but guess I m up .",Non-Spam
do master . when will buy bb cos have sale how be bf,Non-Spam
come back dinner rite ? dad ask so re confirm wif ...,Non-Spam
lose pound since doc visit last week woot woot ! now ' m go to celebrate by stuff face !,Non-Spam
"welcome select , an o2 service with add benefit . can now our specially train advisor free from mobile by dialling .",Spam
hi baby I m sit bloody bus at mo will not be home until about : wan na do somethin later ? later ortxt back jess xx,Non-Spam
hi its be probably have too much fun get this message but think I d txt cos I m bored ! james have be fart at all night,Non-Spam
be bus way calicut,Non-Spam
"hi this amy , we will be send free phone number couple day , which will give an access all adult party ...",Spam
great news ! freefone claim guarantee � cash or � gift . speak live operator now !,Spam
' m already back home so no probably not,Non-Spam
"anyway do not think can secure anything up here , lem know if want drive down south chill",Non-Spam
wrong phone ! this phone ! answer this one but assume other people do not well,Non-Spam
check mail.i have mail varma keep copy regard membership.take care.insha allah .,Non-Spam
"' m eatin now lor , but goin back work soon ... mountain deer show huh ... watch b4 liao , very nice ...",Non-Spam
omg can make wedding chapel frontierville ? why do they get all good stuff ?,Non-Spam
go home liao ? ask dad pick up at ...,Non-Spam
tomarrow want get court . at & lt ; decimal & gt ; so come bus stand at .,Non-Spam
no be cancel yeah baby ! well that sound important so understand darlin give ring later this fone love kate,Non-Spam
want know where fuck be,Non-Spam
k .. k. : ) congratulation ..,Non-Spam
"hey babe , how be go do ever figure out where go new year",Non-Spam
hey do want anything buy : ),Non-Spam
once free sir .,Non-Spam
match started.india & lt ; # & gt ;,Non-Spam
"good morning , boytoy ! how be those yummy lip where be sexy bun now what do do do think do crave do need",Non-Spam
"hi , sexychat girl be wait text they . text now great night chatting . send stop stop this service",Spam
"get what takes take part wrc rally oz ? can with lucozade energy ! text rally le ( 25p ) , see pack or lucozade.co.uk/wrc itcould be !",Spam
just hope that wasn � t too piss up remember have go off his sister or something !,Non-Spam
wan na do some art ? ! : d,Non-Spam
"oh yes , why like torture watch england ?",Non-Spam
ok ... let noe when leave house .,Non-Spam
we can go normal pilate after our intro ...,Non-Spam
oh yah ... we never cancel leh ... haha,Non-Spam
hi dear its urgnt . do not know what s problem . do not want work or if have any other problem at least tell . wate reply .,Non-Spam
"its so common hearin how ? wat do ? how be ur day ? so let ask something different . do smile today ? if not , do now .... gud evng .",Non-Spam
"say never answer text , confirm / deny",Non-Spam
re ; do not see facebook huh ?,Non-Spam
sit mu wait everyone get out suite so can take shower,Non-Spam
"this 2nd time we have try contact u. have win pound prize . claim easy , now ! only 10p per min . bt - national - rate",Spam
"just drop em off , omw back now",Non-Spam
we take hooch walk toaday fall over ! splat ! graze knee everything ! should have stay at home ! see tomorrow !,Non-Spam
' ve already get flaky parent . it'snot suppose be child 's job support parent ... not until they be ride age anyway . ' m suppose be there support . now ' ve hurt . unintentional . but hurt nonetheless .,Non-Spam
"goal ! arsenal ( henry , liverpool henry score with simple shot from yard from pass by bergkamp give arsenal goal margin after min .",Spam
be way tirupur .,Non-Spam
love that holiday monday feel even if have go dentist an hour,Non-Spam
we regret inform that nhs have make mistake.u be never actually born.please report yor local hospital 2b terminated.we sorry inconvenience,Non-Spam
will do . have good day,Non-Spam
"' m solihull , do want anything ?",Non-Spam
then anything special ?,Non-Spam
will come online today night,Non-Spam
warner village colin farrell swat this wkend @ warner village get free med . popcorn ! just show msg+ticket @ kiosk.valid -/ . t & c @ kiosk . reply sony mre film offer,Spam
"no , * do not * mean post . write , like so many other time ' ve ritten stuff , let sit there . be what be feel at time . be angry . before leave , hit send , then stop . be not there . check phone when get car . be not there . say do not sleep , be bored . so why would not that be time clean , fold laundry , etc . ? at least make bed ?",Non-Spam
; m reach another stop .,Non-Spam
free * polyphonic ringtone text super get free poly tone week now ! sn pobox202 nr31 7zs subscription 450pw,Spam
taka lor . wat time wan come look we ?,Non-Spam
"ou be guarantee late nokia phone , 40 gb ipod mp3 player or � prize ! txt word : collect no : ! ibhltd ldnw15h 150p / mtmsgrcvd18",Spam
"haha , that be first person be go to ask",Non-Spam
oh fuck 's sake she be like tallahassee,Non-Spam
can not pick phone right now . pls send message,Non-Spam
half year miss friendship : - ),Non-Spam
want late video handset ? anytime any network min ? half price line rental ? reply or delivery tomorrow,Spam
convey regard he,Non-Spam
send new number,Non-Spam
miserable . they do not tell that side effect birth control be massive gut wrench cramp first month . do not sleep at all last night .,Non-Spam
its bad if if use half way then stop . its well he complete .,Non-Spam
sound like there could be lot time spend that chastity device boy ... * grin * ... or take beating like good dog . go lounge nice long bath now,Non-Spam
"japanese proverb : if one can do , too can do , if none can do , must do indian version : if one can do , let he do .. if none can do , leave ! ! finally kerala version : if one can do , stop he do .. if none can do , make strike against ...",Non-Spam
have pls make note all she.s expose . also find out from her school if anyone else be vomit . there dog or cat house ? let know later .,Non-Spam
today vodafone number end with be select receive � award . if number match receive � award .,Spam
or just do that 6time,Non-Spam
poor girl can not go one day lmao,Non-Spam
many thing its an antibiotic can be use chest abdomen gynae infection even bone infection .,Non-Spam
"new theory : argument win situation , but lose person . so do not argue with ur friend just .. kick they & amp ; say , ' m always correct . !",Non-Spam
as usual can ard smth .,Non-Spam
when / where do pick up,Non-Spam
alright tyler be get minor crisis have be home soon than he think so be here asap,Non-Spam
yeah just open chat click friend list . then make list . easy as pie,Non-Spam
no polyphonic tone ur mob every week ! just txt pt2 . 1st tone free so get txtin now tell ur friend . 150p / tone . reply hl 4info,Spam
world 's most happy frnd never have same character ... dey just have good understand their difference ...,Non-Spam
lyricalladie ( /f ) inviting be her friend . reply yes- or no- . see she : www.sms.ac/u/hmmross stop ? send stop frnd,Spam
know dat feelin have with pete ! wuld get with em nuther place nuther time mayb ?,Non-Spam
wat happen cruise thing,Non-Spam
lol ! oops sorry ! have fun .,Non-Spam
hi dis yijue would be happy work wif all gek1510 ...,Non-Spam
well . know what mean . texte,Non-Spam
dip 's cell dead . so come with he . well respond else we shall come back .,Non-Spam
. tension face . smile face . waste face . innocent face .terror face .cruel face .romantic face .lovable face .decent face & lt ; # & gt ; .joker face .,Non-Spam
"watch cartoon , listen music & amp ; at eve have go temple & amp ; church .. what about ?",Non-Spam
okey dokey swashbuckling stuff what oh .,Non-Spam
"oh ! shit , think that be trip ! loooooool ... that just make so much more sense now ... * grin * sofa reference be ... ` ` sleep couch '' link send ... be not that how go trip oh ... do not babe go with that celebration with rent ?",Non-Spam
' m really sorry light hair fire,Non-Spam
sorry da .. today will not come play .. have drive clas ..,Non-Spam
bore housewife ! chat date now ! .. ! bt - national rate 10p / min only from landline !,Spam
* * free message * * thank use auction subscription service . 150p / msgrcvd skip an auction txt out . unsubscribe txt stop customercare,Spam
nokia phone lovly ..,Non-Spam
"response one powerful weapon occupy place other ' heart ' ... so , always give response who care '' ... gud night .. swt dream .. take care",Non-Spam
"hey , guy know breathe down neck get he some bud , anyway would be able get half track usf tonight ?",Non-Spam
ok ...,Non-Spam
thank or bomb date as phone want say !,Non-Spam
yes baby ! need stretch open pussy !,Non-Spam
same ...,Non-Spam
"also north carolina texas atm , would just go gre site pay test result be send .",Non-Spam
' m fine . hope be also,Non-Spam
like new house,Non-Spam
gain right wife.dont demand it.i be try as husband too.let see,Non-Spam
maybe should find something else do instead ? ? ?,Non-Spam
either way work . am & lt ; # & gt ; year old . hope that do not bother .,Non-Spam
s.this will increase chance win .,Non-Spam
be escape theatre now . going watch kavalan few minute,Non-Spam
pls help tell ashley that can not find her number oh,Non-Spam
miss too.pray inshah allah,Non-Spam
have win ! as value vodafone customer our computer have pick win � prize . collect easy . just,Spam
need detail about that online job .,Non-Spam
"awesome , that go to be soon or later tonight ?",Non-Spam
"hmmm .... mayb can try shoppin area one , but forgot name hotel ...",Non-Spam
private ! account statement show un - redeem s. i. m. point . identifier code : expire //,Spam
that be one issue but california okay . no snow so its manageable,Non-Spam
all boy make fun today . ok have no problem . just send one message just fun,Non-Spam
.... photoshop make computer shut down .,Non-Spam
yay can not wait party together !,Non-Spam
"oh rite . well I m with good mate pete , who go out with week+ now be 2geva again . its be long than week .",Non-Spam
hope pee burn tonite .,Non-Spam
"new mobile from , must go ! txt : nokia no : collect yours today ! from only � . www.-tc.biz 2optout .50gbp / mtmsg18 txtauction .",Spam
rat . hey do ever vote next theme ?,Non-Spam
po de : - ) : ) : - ) : - ) : - ) . no need job aha .,Non-Spam
word ` ` checkmate '' chess come from persian phrase ` ` shah maat '' which mean ; ` ` king dead .. '' goodmorning .. have good day .. : ),Non-Spam
"how long before get reply , just defer admission til next semester",Non-Spam
lol no . just try make day little more interesting,Non-Spam
yup but be not give problem now so mayb will jus leave ...,Non-Spam
"haha , just what be thinkin",Non-Spam
be go sleep . be tired travel .,Non-Spam
not think bout ... || drink tap spile at seven . || that pub gas st off broad st by canal . || ok ?,Non-Spam
: - ) : - ),Non-Spam
winner ave be specially select receive � cash or * holiday ( flight inc ) speak live operator claim 0871277810710p / min (,Spam
I m good ! have be think about ...,Non-Spam
check out choose babe video sms.shsex.netun fgkslpopw fgkslpo,Spam
get small capacity one ? quite ex ...,Non-Spam
how be ur paper ?,Non-Spam
too . mark take forever pick up prescription pain come back .,Non-Spam
anything valuable only situation : first- before get ... second- after loose ...,Non-Spam
no home work do meh ...,Non-Spam
ummmmmaah many many happy return day dear sweet heart .. happy birthday dear,Non-Spam
can & lt ; # & gt ; min if that s ok,Non-Spam
"fyi ' m at usf now , swing by room whenever",Non-Spam
admin building there ? might slightly early ... will when ' m reach ...,Non-Spam
"honey , can pls find out how much they sell predicte nigeria . how many time can be use . its very important have reply before monday",Non-Spam
"do not worry though , understand how important that be put place with poorly think out punishment face bad thing that have ever happen . brb go to go kill myself",Non-Spam
what be up own oga . leave phone at home just see ur message . hope be good . have great weekend .,Non-Spam
private ! account statement * * * * show unredeemed bonus point . claim identifi code : expire ..,Spam
when finish then come pick .,Non-Spam
sorry delay . yes master,Non-Spam
"er , hello , thing didn � t quite go plan limping slowly home follow by aa with exhaust hang off",Non-Spam
how do plan manage that,Non-Spam
reverse cheating . that not mathematic .,Non-Spam
"guy at car shop who be flirt with get phone number from paperwork call texte . ' m nervous because course now he may have address . should his boss tell he , know this may get he fire ?",Non-Spam
"its cool but tyler have take off so we be go to buy he drop off at his place later tonight . our total order quarter , get enough ?",Non-Spam
do not know why she.s not get message,Non-Spam
just come home . do not want be miserable,Non-Spam
santa call ! would little one like from santa xmas eve ? book time . calls1.50ppm last 3min 30 t & c www.santacalling.com,Spam
urgent this our 2nd attempt contact u. � prize from yesterday still await collection . claim now,Spam
see guy doll last night with patrick swayze be great,Non-Spam
sorry that be uncle . i.ll keep touch,Non-Spam
or ask they all if next sit can not . if all they can make then ' m ok lor .,Non-Spam
gd luck ur exam : - ),Non-Spam
send resume : - ),Non-Spam
yup . izzit still rain heavily cos ' m mrt can not outside .,Non-Spam
we be opposite side from where we drop off,Non-Spam
"thanx . yup we come back sun . finish dinner go back hotel now . time fly , we be tog exactly mth today . hope we will haf many more mth come ...",Non-Spam
thk wat eat tonight .,Non-Spam
holy live christ what take so long,Non-Spam
"urgent -call 09066649731from landline . complimentary * ibiza holiday or � , cash await collection sae t & cs po box sk3 8wp 150ppm +",Spam
indeed by way be either or not both,Non-Spam
"especially since talk about boston all up personal statement , lol ! woulda change that if have realize say nyc ! say boston now .",Non-Spam
", be senthil from hsbc .",Non-Spam
yup ... hey then one day fri we can ask miwa jiayin take leave go karaoke,Non-Spam
sen tell that he going join his uncle finance cbe,Non-Spam
we can not see if we can join denis mina ? or do deni want alone time,Non-Spam
most beautiful girl I ve ever see . baby come common room,Non-Spam
sorry completely forgot will pop em round this week if still here ?,Non-Spam
quite lor . but dun tell he wait he get complacent ...,Non-Spam
"so many people seem be special at first sight , but only very few will remain special till last sight .. maintain they till life end .. sh ! jas",Non-Spam
repeat instruction again . wat 's road name ur house ?,Non-Spam
ok then tell wat time come late lor .,Non-Spam
"hi , mobile no . & lt ; # & gt ; have add their contact list www.fullonsms.com great place send free sms people more visit fullonsms.com",Non-Spam
hi .. get money da : ),Non-Spam
cheer lou ! yeah be goodnite shame neva come ! ya gailxx,Non-Spam
watever relation build up dis world only thing which remain atlast iz lonline with lotz lot memory ! feel ..,Non-Spam
' m not sure if its still available though,Non-Spam
unique user i d . removal send stop customer service,Spam
when s radio show ?,Non-Spam
if text way cup stop that should work . that should be bus,Non-Spam
hi . : ) technical support.providing assistance we customer through email : ),Non-Spam
prepare be pleasure : ),Non-Spam
too ! have lovely night xxx,Non-Spam
be only $ ard ... � rest all ard $ at least ... which price bedrm ( $ ),Non-Spam
' m home . doc give pain med say everything fine .,Non-Spam
thank continued support question this week will enter in2 our draw � cash . name new us president ? txt ans,Spam
urgent ! mobile number have be award with � prize guarantee . from land line . claim . valid 12hrs only 150ppm,Spam
"hey , look like be wrong one kappa guy number still phone , if want can text he see if he be around",Non-Spam
do not make life too stressfull .. always find time laugh .. may not add year life ! but surely add more life ur year ! ! gud ni8 .. swt dream ..,Non-Spam
wan haf lunch ' m da canteen now .,Non-Spam
ok lor ... or wan go look ?,Non-Spam
cashbin.co.uk ( get lot cash this weekend ! ) www.cashbin.co.uk dear welcome weekend we have get our big good ever cash give away ! ! these ..,Spam
well boy be glad waste all night at applebee nothing,Non-Spam
weekly cool - mob tone be ready download ! this week new tone include : ) crazy frog - axel f > > > ) akon - lonely > > > ) black eye - dont > > > more info,Spam
"if be still up , maybe leave credit card so can get gas when get back like he tell",Non-Spam
thanx darlin ! I m cool thanx . few bday drink nite . 2morrow off ! take care soon.xxx,Non-Spam
beauty life next second .. which hide thousand secret . wish every second will be wonderful ur life ... ! ! gud n8,Non-Spam
"when just put sign , choose number pin will show . right ?",Non-Spam
orh tot say she now still dun believe .,Non-Spam
camera be award sipix digital camera ! fromm landline . delivery within day .,Spam
thinking ; ),Non-Spam
be hospital da . will return home evening,Non-Spam
ya very nice . .be ready thursday,Non-Spam
many more happy return day . wish happy birthday .,Non-Spam
keep see weird shit bein all ` ` woah '' then realise 's actually reasonable ' m all ` ` oh '',Non-Spam
we have pizza if want,Non-Spam
buy test yesterday . its something that let know exact day ovulate.when will get 2u about 3wks . but pls pls do not fret . know worried . pls relax . also there anything ur past history need tell ?,Non-Spam
"not only drive even many reason she call bbd .. tht chikku , then hw abt dvg cold .. hear tht vinobanagar violence hw condition .. hw ru any problem ?",Non-Spam
"not possession , especially not first offense",Non-Spam
oh k : ) after that placement there ah ?,Non-Spam
buy space invader chance win orig arcade game console . press game arcade ( std wap charge ) see o2.co.uk/games term setting . no purchase,Spam
good morning dear shijutta ........... have great & amp ; successful day .,Non-Spam
wat time go xin 's hostel ?,Non-Spam
k : ) eng rock ashe : ),Non-Spam
do not know ask brother . nothing problem some thing that . just tell,Non-Spam
' ve reach already .,Non-Spam
( career tel ) have add as contact indyarocks.com send free sms . remove from phonebook sm no & lt ; # & gt ;,Non-Spam
"have mobile mth ? update late camera / video phone free . keep ur same number , get extra free min / text . text yes",Spam
jason say 's cool if we pick some up from his place like an hour,Non-Spam
"there will be minor shindig at place later tonight , interested ?",Non-Spam
"free game . get rayman golf free from o2 game arcade . 1st get ur game setting . reply post , then save activ8 . press key arcade . termsapply",Spam
hello peach ! cake tast lush !,Non-Spam
"' m home , love ... if still awake ... * love kiss *",Non-Spam
"yup . anything lor , if dun wan be ok ...",Non-Spam
forgot tell smth .. can like number section so that be clear ..,Non-Spam
"aiyo ... her lesson so early ... ' m still sleepin , haha ... okie , go home liao den confirm lor ...",Non-Spam
uncle atlanta . wish guy great semester .,Non-Spam
"will do , addie & amp ; be do some art so will be here when get home",Non-Spam
"hey . what happen ? switch off ur cell whole day . this be not good . now if do care , give tomorrow .",Non-Spam
s : ) min go lunch : ),Non-Spam
oops thk dun haf enuff ... go check then tell � ..,Non-Spam
big brother � s really scrape barrel with this show social misfit,Non-Spam
that s cool princess ! will cover face hot sticky cum : ),Non-Spam
huh so slow tot reach long ago liao ... more day only more leh ...,Non-Spam
ya knw vl giv .. its ok thanks kano .. anyway enjoy wit ur family wit 1st salary .. : - ) ; - ),Non-Spam
"haha awesome , might need take up that , what doin tonight ?",Non-Spam
"do say bold , then torch later . or one torch 2bold ?",Non-Spam
wif family book tour package .,Non-Spam
wow so healthy . old airport rd lor . can not thk anything else . but will bathe dog later .,Non-Spam
hey anyway have : - ),Non-Spam
yar but they say get some error .,Non-Spam
mmmmmmm * snuggle into * ... * deep contented sigh * ... * whisper * ... fucking love so much can barely stand ...,Non-Spam
anytime ...,Non-Spam
like new mobile,Non-Spam
"win : we have winner ! mr . t. foley win an ipod ! more exciting prize soon , so keep an eye ur mobile or visit www.win-.co.uk",Spam
yes fine,Non-Spam
don no da : ) what s plan ?,Non-Spam
"okey dokey , I � ll be over bit just sort some stuff out .",Non-Spam
guy who get use but too dumb realize .,Non-Spam
"urgent ! mobile no be award � , bonus caller prize // ! this our 2nd attempt contact ! -- box95qu",Spam
pls give her food preferably pap very slowly with load sugar . can take up an hour give . then some water . very very slowly .,Non-Spam
tessy .. pls do favor . pls convey birthday wish nimya .. pls dnt forget . today her birthday shijas,Non-Spam
"by march end , should be ready . but will sure . problem that capital never complete . how far with . how be work lady",Non-Spam
surly ill give : - ) while come review .,Non-Spam
ok no prob,Non-Spam
"do not try , decide not head out",Non-Spam
hmmm.but should give one day ..,Non-Spam
eatin lunch ...,Non-Spam
but pls do not play other life .,Non-Spam
"alright we will bring , see like & lt ; # & gt ; min",Non-Spam
"life mean lot , not because love life , but because love people life , world call they friend , they world : - ) .. ge : - ) ..",Non-Spam
ok can take shopping when get pay = d,Non-Spam
"haha yeah , oz kind shitload",Non-Spam
be stay town,Non-Spam
"that be cool he will be here all night , lem know when be around",Non-Spam
sry da .. jst nw only come home ..,Non-Spam
good thing ' m now get connection bw,Non-Spam
wewa . iriver . all mb .,Non-Spam
ready then ...,Non-Spam
"hi babe its chloe , how ? be smash saturday night , be great ! how be weekend ? be miss ? sp visionsms.com text stop stop 150p / text",Spam
' m leave house now .,Non-Spam
forgot ask all smth .. there be card da present lei ... how ? all want write smth or sign ?,Non-Spam
"customer service announcement . we recently try make delivery but be unable do so , please re - schedule . ref :",Spam
"probably not , ' m almost out gas get some cash tomorrow",Non-Spam
"do not get ur full msg .. sometext miss , send again",Non-Spam
"when be bear , god say , ` ` oh no ! another idiot '' . when be bear , god say , ` ` oh no ! competition '' . who know , one day these two will become freind forever !",Non-Spam
I m realy soz imat mum 2nite what about 2moro,Non-Spam
send print out da .,Non-Spam
not .. tel software name ..,Non-Spam
ok set let noe detail later ...,Non-Spam
mum not go robinson already .,Non-Spam
no . yes please . be swim ?,Non-Spam
lady first genus second,Non-Spam
ok no prob ...,Non-Spam
he tell now infront they . he now .,Non-Spam
can not pick phone right now . pls send message,Non-Spam
this message from great doctor india : - ) : ) do not drink appy fizz . contain cancer cause age,Non-Spam
private ! account statement show un - redeem s. i. m. point . identifier code : expire //,Spam
"k , will work something out",Non-Spam
our prasanth ettans mother pass away last night . just pray her family .,Non-Spam
hope be have great day .,Non-Spam
lol yes . but will add some spice day .,Non-Spam
where meeting tmr ?,Non-Spam
� xmas reward wait ! our computer have randomly pick from our loyal mobile customer receive � reward . just,Spam
finally have happen .. ! aftr decade .. ! beer now cheap than petrol ! goverment expect we ` ` drink '' . but do not ` ` drive,Non-Spam
"please protect yourself from e - threat . sib never ask sensitive information like password , atm / sms pin thru email . never share password with anybody .",Non-Spam
we be okay . go sleep now . later,Non-Spam
god create gap btwn ur finger so dat sum1 vry special will fill those gap by hold ur hand .. now plz do not ask he create so much gap between leg ! ! !,Non-Spam
we try contact re reply our offer video phone anytime any network min half price line rental camcorder reply or,Spam
be plan come chennai ?,Non-Spam
do got that person story,Non-Spam
sorry din lock keypad .,Non-Spam
be be rip off ! get mobile content from www.clubmoby.com poly / true / pix / ringtone / game six download only,Spam
have not .,Non-Spam
do hide anythiing or keep distance from,Non-Spam
course . guess god 's just get hold right now .,Non-Spam
captain vijaykanth do comedy captain tv .. he drunken : ),Non-Spam
oh ho . this first time use these type word,Non-Spam
pa have lunch aha .,Non-Spam
how come din � ... yup cut hair ...,Non-Spam
these will not do . have move morphine,Non-Spam
oh wow that s gay . will firmware update help,Non-Spam
"' m meet , later at",Non-Spam
"get hella gas money , want go grand nature adventure with galileo little bit ?",Non-Spam
everybody have fun this evening . miss .,Non-Spam
only saturday sunday holiday so its very difficult : ),Non-Spam
today voda number end with be select receive � reward . if have match please quote claim code standard rate apply .,Spam
please our customer service representative between 10am-9pm as have win guarantee � cash or � prize !,Spam
lol ... know that .... see he dollar store,Non-Spam
' m bus . love,Non-Spam
jus finish blow hair . finish dinner already ?,Non-Spam
need presnt always bcz can not mis love . ` ` jeevithathile irulinae neekunna prakasamanu sneham '' prakasam ennal prabha ' that mns prabha is'love ' get . do not mis ....,Non-Spam
they finally come fix ceiling .,Non-Spam
"receive , understand act upon !",Non-Spam
this long fuckin showr,Non-Spam
"sorry , will later meet .",Non-Spam
nvm ... ' m going wear sport shoe anyway ... ' m going be late leh .,Non-Spam
good . do think could send some pix ? would love see top bottom ...,Non-Spam
call dad oredi ...,Non-Spam
sunshine quiz ! win super sony dvd recorder if canname capital australia ? text mquiz .,Spam
how s favourite person today ? workin hard ? could not sleep again last nite nearly rang at .,Non-Spam
how much get clean,Non-Spam
sorry da . go mad so many pende work what do .,Non-Spam
wat time finish ?,Non-Spam
just glad be talk .,Non-Spam
